{
	"IcoMoonType": "selection",
	"icons": [
		{
			"icon": {
				"paths": [
					"M231.219 386.458c22.323-22.835 53.402-24.627 80.691 0l200.090 191.846 200.090-191.846c27.29-24.627 58.419-22.835 80.589 0 22.323 22.784 20.89 61.286 0 82.688-20.787 21.402-240.384 230.502-240.384 230.502-11.11 11.418-25.702 17.152-40.294 17.152s-29.184-5.734-40.397-17.152c0 0-219.494-209.101-240.384-230.502-20.941-21.402-22.323-59.904 0-82.688z"
				],
				"attrs": [],
				"isMulticolor": false,
				"tags": [
					"chevron-down"
				],
				"grid": 20
			},
			"attrs": [],
			"properties": {
				"order": 1,
				"id": 0,
				"prevSize": 20,
				"code": 59648,
				"name": "chevron-down"
			},
			"setIdx": 0,
			"setId": 2,
			"iconIdx": 0
		},
		{
			"icon": {
				"paths": [
					"M669.143 172l-303.429 303.429 303.429 303.429q10.857 10.857 10.857 25.714t-10.857 25.714l-94.857 94.857q-10.857 10.857-25.714 10.857t-25.714-10.857l-424-424q-10.857-10.857-10.857-25.714t10.857-25.714l424-424q10.857-10.857 25.714-10.857t25.714 10.857l94.857 94.857q10.857 10.857 10.857 25.714t-10.857 25.714z"
				],
				"width": 768.0010223388672,
				"attrs": [],
				"isMulticolor": false,
				"tags": [
					"chevron-left"
				],
				"defaultCode": 61523,
				"grid": 14
			},
			"attrs": [],
			"properties": {
				"name": "chevron-left",
				"id": 78,
				"order": 7,
				"prevSize": 32,
				"code": 61523
			},
			"setIdx": 1,
			"setId": 1,
			"iconIdx": 78
		},
		{
			"icon": {
				"paths": [
					"M632.571 501.143l-424 424q-10.857 10.857-25.714 10.857t-25.714-10.857l-94.857-94.857q-10.857-10.857-10.857-25.714t10.857-25.714l303.429-303.429-303.429-303.429q-10.857-10.857-10.857-25.714t10.857-25.714l94.857-94.857q10.857-10.857 25.714-10.857t25.714 10.857l424 424q10.857 10.857 10.857 25.714t-10.857 25.714z"
				],
				"width": 694.8569641113281,
				"attrs": [],
				"isMulticolor": false,
				"tags": [
					"chevron-right"
				],
				"defaultCode": 61524,
				"grid": 14
			},
			"attrs": [],
			"properties": {
				"name": "chevron-right",
				"id": 79,
				"order": 6,
				"prevSize": 32,
				"code": 61524
			},
			"setIdx": 1,
			"setId": 1,
			"iconIdx": 79
		},
		{
			"icon": {
				"paths": [
					"M614.286 420.571q0 7.429-5.714 13.143l-266.286 266.286q-5.714 5.714-13.143 5.714t-13.143-5.714l-266.286-266.286q-5.714-5.714-5.714-13.143t5.714-13.143l28.571-28.571q5.714-5.714 13.143-5.714t13.143 5.714l224.571 224.571 224.571-224.571q5.714-5.714 13.143-5.714t13.143 5.714l28.571 28.571q5.714 5.714 5.714 13.143z"
				],
				"width": 658.2859878540039,
				"attrs": [],
				"isMulticolor": false,
				"tags": [
					"angle-down"
				],
				"defaultCode": 61703,
				"grid": 14
			},
			"attrs": [],
			"properties": {
				"name": "angle-down",
				"id": 235,
				"order": 4,
				"prevSize": 32,
				"code": 61703
			},
			"setIdx": 1,
			"setId": 1,
			"iconIdx": 235
		},
		{
			"icon": {
				"paths": [
					"M992.262 871.396l-242.552-206.294c-25.074-22.566-51.89-32.926-73.552-31.926 57.256-67.068 91.842-154.078 91.842-249.176 0-212.078-171.922-384-384-384-212.076 0-384 171.922-384 384s171.922 384 384 384c95.098 0 182.108-34.586 249.176-91.844-1 21.662 9.36 48.478 31.926 73.552l206.294 242.552c35.322 39.246 93.022 42.554 128.22 7.356s31.892-92.898-7.354-128.22zM384 640c-141.384 0-256-114.616-256-256s114.616-256 256-256 256 114.616 256 256-114.614 256-256 256z"
				],
				"attrs": [],
				"isMulticolor": false,
				"tags": [
					"search",
					"magnifier",
					"magnifying-glass",
					"inspect",
					"find"
				],
				"defaultCode": 59782,
				"grid": 16
			},
			"attrs": [],
			"properties": {
				"ligatures": "search, magnifier",
				"name": "search",
				"id": 134,
				"order": 5,
				"prevSize": 32,
				"code": 59782
			},
			"setIdx": 2,
			"setId": 0,
			"iconIdx": 134
		}
	],
	"height": 1024,
	"metadata": {
		"name": "icomoon"
	},
	"preferences": {
		"showGlyphs": true,
		"showCodes": true,
		"showQuickUse": true,
		"showQuickUse2": true,
		"showSVGs": true,
		"fontPref": {
			"prefix": "icon-",
			"metadata": {
				"fontFamily": "icomoon"
			},
			"metrics": {
				"emSize": 1024,
				"baseline": 6.25,
				"whitespace": 50
			},
			"embed": false
		},
		"imagePref": {
			"prefix": "icon-",
			"png": true,
			"useClassSelector": true,
			"color": 0,
			"bgColor": 16777215
		},
		"historySize": 100
	}
}